seq;length;b.status.final
scaffold_1;4205925;A
scaffold_2;3312200;A
scaffold_3;3189128;A
scaffold_4;3039205;A
scaffold_5;2912966;A
scaffold_6;2881478;A
scaffold_7;2872801;A
scaffold_8;2847527;A
scaffold_9;2791333;A
scaffold_10;2776264;A
scaffold_11;2599874;A
scaffold_12;2392395;A
scaffold_13;2344678;A
scaffold_14;2278001;A
scaffold_15;2222211;A
scaffold_16;2210925;A
scaffold_17;2133015;A
scaffold_18;2121024;A
scaffold_19;2112375;A
scaffold_20;2080048;A
scaffold_21;2065129;A
scaffold_22;1994893;A
scaffold_23;1994711;A
scaffold_24;1928806;A
scaffold_25;1916934;A
scaffold_26;1877544;A
scaffold_27;1871822;A
scaffold_28;1812903;A
scaffold_29;1762846;A
scaffold_30;1716177;A
scaffold_31;1715383;A
scaffold_32;1713197;A
scaffold_33;1685622;A
scaffold_34;1677135;A
scaffold_35;1661356;A
scaffold_36;1654184;A
scaffold_37;1648890;A
scaffold_38;1625795;A
scaffold_39;1602743;A
scaffold_40;1584338;A
scaffold_41;1577355;A
scaffold_42;1571520;A
scaffold_43;1553300;A
scaffold_44;1539515;A
scaffold_45;1519494;A
scaffold_46;1511820;A
scaffold_47;1504070;A
scaffold_48;1470363;A
scaffold_49;1467153;A
scaffold_50;1438737;A
scaffold_51;1437107;A
scaffold_52;1435599;A
scaffold_53;1421213;A
scaffold_54;1412569;A
scaffold_55;1407959;A
scaffold_56;1371732;A
scaffold_57;1361687;A
scaffold_58;1360862;A
scaffold_59;1359663;A
scaffold_60;1353332;A
scaffold_61;1352747;A
scaffold_62;1348906;A
scaffold_63;1338047;A
scaffold_64;1337888;A
scaffold_65;1324386;A
scaffold_66;1324262;A
scaffold_67;1313318;A
scaffold_68;1306168;A
scaffold_69;1296325;A
scaffold_70;1292812;A
scaffold_71;1288280;A
scaffold_72;1284286;A
scaffold_73;1283250;A
scaffold_74;1279699;A
scaffold_75;1276505;A
scaffold_76;1257193;A
scaffold_77;1239985;A
scaffold_78;1238903;A
scaffold_79;1236716;A
scaffold_80;1236135;A
scaffold_81;1225220;A
scaffold_82;1220856;A
scaffold_83;1220338;A
scaffold_84;1218258;A
scaffold_85;1217065;A
scaffold_86;1216973;A
scaffold_87;1207356;A
scaffold_88;1206924;A
scaffold_89;1205502;A
scaffold_90;1197345;A
scaffold_91;1192111;A
scaffold_92;1188863;A
scaffold_93;1182508;A
scaffold_94;1173942;A
scaffold_95;1160631;A
scaffold_96;1138600;A
scaffold_97;1135984;A
scaffold_98;1127684;A
scaffold_99;1127637;A
scaffold_100;1120582;A
scaffold_101;1110711;A
scaffold_102;1107393;A
scaffold_103;1099892;A
scaffold_104;1087456;A
scaffold_105;1084854;A
scaffold_106;1075357;A
scaffold_107;1073716;A
scaffold_108;1073074;A
scaffold_109;1067028;A
scaffold_110;1065314;A
scaffold_111;1061684;A
scaffold_112;1055113;A
scaffold_113;1050071;A
scaffold_114;1045659;A
scaffold_115;1025499;A
scaffold_116;1023870;A
scaffold_117;1008249;A
scaffold_118;993109;A
scaffold_119;991669;A
scaffold_120;990960;A
scaffold_121;988657;A
scaffold_122;982358;A
scaffold_123;973757;A
scaffold_124;971564;A
scaffold_125;964565;A
scaffold_126;958358;A
scaffold_127;957964;A
scaffold_128;956808;A
scaffold_129;951482;A
scaffold_130;951268;A
scaffold_131;945783;A
scaffold_132;944065;A
scaffold_133;943319;A
scaffold_134;941937;A
scaffold_135;932943;A
scaffold_136;931572;A
scaffold_137;931543;A
scaffold_138;930050;A
scaffold_139;925897;A
scaffold_140;921203;A
scaffold_141;916731;A
scaffold_142;914383;A
scaffold_143;907036;A
scaffold_144;906064;A
scaffold_145;902093;A
scaffold_146;897096;A
scaffold_147;894308;A
scaffold_148;892810;A
scaffold_149;892767;A
scaffold_150;889822;A
scaffold_151;880401;A
scaffold_152;874986;A
scaffold_153;873851;A
scaffold_154;869335;A
scaffold_155;863585;A
scaffold_156;862521;A
scaffold_157;859639;A
scaffold_158;859120;A
scaffold_159;848934;A
scaffold_160;843435;A
scaffold_161;841607;A
scaffold_162;839433;A
scaffold_163;833184;A
scaffold_164;826556;A
scaffold_165;826454;A
scaffold_166;818316;A
scaffold_167;818128;A
scaffold_168;815591;A
scaffold_169;814881;A
scaffold_170;812047;A
scaffold_171;810877;A
scaffold_172;808239;A
scaffold_173;807481;A
scaffold_174;804455;A
scaffold_175;803851;A
scaffold_176;803147;A
scaffold_177;798885;A
scaffold_178;790326;A
scaffold_179;784024;A
scaffold_180;782579;A
scaffold_181;778394;A
scaffold_182;777760;A
scaffold_183;777222;A
scaffold_184;759718;A
scaffold_185;758493;A
scaffold_186;756945;A
scaffold_187;753167;A
scaffold_188;750895;A
scaffold_189;748106;A
scaffold_190;741964;A
scaffold_191;733039;A
scaffold_192;714988;A
scaffold_193;713562;A
scaffold_194;708625;A
scaffold_195;708106;A
scaffold_196;708020;A
scaffold_197;695333;A
scaffold_198;695242;A
scaffold_199;693045;A
scaffold_200;691981;A
scaffold_201;691814;A
scaffold_202;688704;A
scaffold_203;687472;A
scaffold_204;685165;A
scaffold_205;683989;A
scaffold_206;683232;A
scaffold_207;680703;A
scaffold_208;669884;A
scaffold_209;669739;A
scaffold_210;669642;A
scaffold_211;665263;A
scaffold_212;664391;A
scaffold_213;663385;A
scaffold_214;663158;A
scaffold_215;662663;A
scaffold_216;656822;A
scaffold_217;650882;A
scaffold_218;649598;A
scaffold_219;649525;A
scaffold_220;644121;A
scaffold_221;641268;A
scaffold_222;636692;A
scaffold_223;633436;A
scaffold_224;632881;A
scaffold_225;632046;A
scaffold_226;631026;A
scaffold_227;625897;A
scaffold_228;623082;A
scaffold_229;622971;A
scaffold_230;618070;A
scaffold_231;613014;A
scaffold_232;605804;A
scaffold_233;603763;A
scaffold_234;603255;A
scaffold_235;589863;A
scaffold_236;587163;A
scaffold_237;579896;A
scaffold_238;573533;A
scaffold_239;572631;A
scaffold_240;571683;A
scaffold_241;571042;A
scaffold_242;565644;A
scaffold_243;557202;A
scaffold_244;551218;A
scaffold_245;548204;A
scaffold_246;546781;A
scaffold_247;544523;A
scaffold_248;541745;A
scaffold_249;540863;A
scaffold_250;539725;A
scaffold_251;539445;A
scaffold_252;538322;A
scaffold_253;537918;A
scaffold_254;531794;A
scaffold_255;531011;A
scaffold_256;530159;A
scaffold_257;529053;A
scaffold_258;527707;A
scaffold_259;526775;A
scaffold_260;521977;A
scaffold_261;520855;A
scaffold_262;520221;A
scaffold_263;517260;A
scaffold_264;514375;A
scaffold_265;513994;A
scaffold_266;513539;A
scaffold_267;512388;A
scaffold_268;511763;A
scaffold_269;511711;A
scaffold_270;511095;A
scaffold_271;510462;A
scaffold_272;510019;A
scaffold_273;509830;A
scaffold_274;504972;A
scaffold_275;503033;A
scaffold_276;502907;A
scaffold_277;500856;A
scaffold_278;497095;A
scaffold_279;493877;A
scaffold_280;492839;A
scaffold_281;492601;A
scaffold_282;491583;A
scaffold_283;489983;A
scaffold_284;488311;A
scaffold_285;485262;A
scaffold_286;483774;A
scaffold_287;482722;A
scaffold_288;482311;A
scaffold_289;477085;A
scaffold_290;475304;A
scaffold_291;473818;A
scaffold_292;472304;A
scaffold_293;470235;A
scaffold_294;466925;A
scaffold_295;464503;A
scaffold_296;463161;A
scaffold_297;460796;A
scaffold_298;460290;A
scaffold_299;457686;A
scaffold_300;457127;A
scaffold_301;453649;A
scaffold_302;452295;A
scaffold_303;451885;A
scaffold_304;450191;A
scaffold_305;448422;A
scaffold_306;447553;A
scaffold_307;447214;A
scaffold_308;446321;A
scaffold_309;442925;A
scaffold_310;434721;A
scaffold_311;428539;A
scaffold_312;428059;A
scaffold_313;424941;A
scaffold_314;423911;A
scaffold_315;422866;A
scaffold_316;419495;A
scaffold_317;419263;A
scaffold_318;416567;A
scaffold_319;413819;A
scaffold_320;411479;A
scaffold_321;409967;A
scaffold_322;409404;A
scaffold_323;409036;A
scaffold_324;408826;A
scaffold_325;405576;A
scaffold_326;405242;A
scaffold_327;404726;A
scaffold_328;402914;A
scaffold_329;399168;A
scaffold_330;398152;A
scaffold_331;397668;A
scaffold_332;397169;A
scaffold_333;396600;A
scaffold_334;396468;A
scaffold_335;395655;A
scaffold_336;395308;A
scaffold_337;394383;A
scaffold_338;393854;A
scaffold_339;393146;A
scaffold_340;392074;A
scaffold_341;391211;A
scaffold_342;390780;A
scaffold_343;389428;A
scaffold_344;387431;A
scaffold_345;385631;A
scaffold_346;385490;A
scaffold_347;385342;A
scaffold_348;384002;A
scaffold_349;382628;A
scaffold_350;381979;A
scaffold_351;380128;A
scaffold_352;379169;A
scaffold_353;377709;A
scaffold_354;377416;A
scaffold_355;377145;A
scaffold_356;374984;A
scaffold_357;374967;A
scaffold_358;373918;A
scaffold_359;373708;A
scaffold_360;372701;B1
scaffold_361;370872;A
scaffold_362;370763;A
scaffold_363;369613;A
scaffold_364;369540;A
scaffold_365;368373;A
scaffold_366;367849;A
scaffold_367;367457;A
scaffold_368;364900;A
scaffold_369;364737;A
scaffold_370;363572;A
scaffold_371;363222;A
scaffold_372;361855;A
scaffold_373;361433;A
scaffold_374;358180;A
scaffold_375;356100;A
scaffold_376;355494;A
scaffold_377;355012;A
scaffold_378;353682;A
scaffold_379;352478;A
scaffold_380;350112;A
scaffold_381;349709;A
scaffold_382;346072;A
scaffold_383;345076;A
scaffold_384;344450;A
scaffold_385;340797;A
scaffold_386;338108;A
scaffold_387;336550;A
scaffold_388;336358;A
scaffold_389;336135;A
scaffold_390;334945;A
scaffold_391;334521;A
scaffold_392;333822;A
scaffold_393;332071;A
scaffold_394;326016;A
scaffold_395;323339;A
scaffold_396;322490;A
scaffold_397;321721;A
scaffold_398;321130;A
scaffold_399;320319;A
scaffold_400;316628;A
scaffold_401;315565;A
scaffold_402;314374;A
scaffold_403;314203;A
scaffold_404;312160;A
scaffold_405;311851;A
scaffold_406;308938;A
scaffold_407;308587;A
scaffold_408;306560;A
scaffold_409;306233;A
scaffold_410;305950;A
scaffold_411;305731;A
scaffold_412;305113;A
scaffold_413;304049;A
scaffold_414;303492;A
scaffold_415;302935;A
scaffold_416;302723;A
scaffold_417;298144;A
scaffold_418;297691;A
scaffold_419;297481;A
scaffold_420;296715;A
scaffold_421;295146;A
scaffold_422;294261;A
scaffold_423;294159;A
scaffold_424;292794;A
scaffold_425;291072;A
scaffold_426;290993;A
scaffold_427;289848;A
scaffold_428;288742;A
scaffold_429;288102;A
scaffold_430;286874;A
scaffold_431;285712;A
scaffold_432;284604;A
scaffold_433;283476;A
scaffold_434;283348;A
scaffold_435;282874;A
scaffold_436;282864;A
scaffold_437;280757;A
scaffold_438;280546;A
scaffold_439;279860;A
scaffold_440;279831;A
scaffold_441;279572;A
scaffold_442;275404;A
scaffold_443;275047;A
scaffold_444;273933;A
scaffold_445;270496;A
scaffold_446;270149;A
scaffold_447;269477;A
scaffold_448;266916;A
scaffold_449;264459;A
scaffold_450;262118;A
scaffold_451;261761;A
scaffold_452;261282;A
scaffold_453;260526;A
scaffold_454;259184;A
scaffold_455;258518;A
scaffold_456;257952;A
scaffold_457;257628;A
scaffold_458;257131;A
scaffold_459;256154;A
scaffold_460;256031;A
scaffold_461;253916;A
scaffold_462;252863;A
scaffold_463;252840;A
scaffold_464;252746;A
scaffold_465;250621;A
scaffold_466;249531;A
scaffold_467;248861;A
scaffold_468;247110;A
scaffold_469;246838;A
scaffold_470;246332;A
scaffold_471;246114;A
scaffold_472;245230;A
scaffold_473;244840;A
scaffold_474;244481;A
scaffold_475;243675;A
scaffold_476;243338;A
scaffold_477;243240;A
scaffold_478;243219;A
scaffold_479;242894;A
scaffold_480;242825;A
scaffold_481;242131;A
scaffold_482;239751;A
scaffold_483;238595;A
scaffold_484;238483;A
scaffold_485;237609;A
scaffold_486;237105;A
scaffold_487;235864;A
scaffold_488;235339;A
scaffold_489;233949;A
scaffold_490;230368;A
scaffold_491;228458;A
scaffold_492;227425;A
scaffold_493;227342;A
scaffold_494;226033;A
scaffold_495;225861;A
scaffold_496;225118;A
scaffold_497;224833;A
scaffold_498;223942;A
scaffold_499;223521;A
scaffold_500;222989;A
scaffold_501;222918;A
scaffold_502;222577;A
scaffold_503;221518;A
scaffold_504;220088;A
scaffold_505;219039;A
scaffold_506;218335;A
scaffold_507;218151;A
scaffold_508;217096;A
scaffold_509;216404;A
scaffold_510;216034;A
scaffold_511;214777;A
scaffold_512;213831;A
scaffold_513;213775;A
scaffold_514;211162;A
scaffold_515;211064;A
scaffold_516;210611;A
scaffold_517;210122;A
scaffold_518;209603;A
scaffold_519;208789;A
scaffold_520;208618;A
scaffold_521;208409;A
scaffold_522;208135;A
scaffold_523;206606;A
scaffold_524;206496;A
scaffold_525;205956;A
scaffold_526;204775;A
scaffold_527;204689;A
scaffold_528;204458;A
scaffold_529;204171;B3
scaffold_530;203235;A
scaffold_531;202602;A
scaffold_532;201362;A
scaffold_533;201158;A
scaffold_534;200637;A
scaffold_535;200609;A
scaffold_536;198962;A
scaffold_537;198945;A
scaffold_538;198620;A
scaffold_539;198000;A
scaffold_540;196997;A
scaffold_541;196911;A
scaffold_542;196623;A
scaffold_543;195591;A
scaffold_544;195371;A
scaffold_545;194847;A
scaffold_546;192833;A
scaffold_547;192592;A
scaffold_548;191680;A
scaffold_549;191311;A
scaffold_550;190575;A
scaffold_551;189885;B3
scaffold_552;189883;B1
scaffold_553;188930;A
scaffold_554;187098;A
scaffold_555;186860;A
scaffold_556;186210;A
scaffold_557;184046;A
scaffold_558;183667;A
scaffold_559;183324;A
scaffold_560;182027;A
scaffold_561;181980;A
scaffold_562;181844;A
scaffold_563;181475;A
scaffold_564;180415;A
scaffold_565;179884;A
scaffold_566;178974;A
scaffold_567;174704;A
scaffold_568;172470;A
scaffold_569;171845;A
scaffold_570;171594;A
scaffold_571;171392;A
scaffold_572;170702;A
scaffold_573;169941;A
scaffold_574;169292;A
scaffold_575;169281;A
scaffold_576;167038;A
scaffold_577;166526;A
scaffold_578;166382;A
scaffold_579;164536;A
scaffold_580;163456;A
scaffold_581;161916;A
scaffold_582;157587;A
scaffold_583;155334;A
scaffold_584;155215;A
scaffold_585;154826;A
scaffold_586;154716;A
scaffold_587;153686;A
scaffold_588;152674;A
scaffold_589;152275;A
scaffold_590;151177;A
scaffold_591;150290;A
scaffold_592;149883;A
scaffold_593;149843;A
scaffold_594;149234;A
scaffold_595;148851;A
scaffold_596;147873;A
scaffold_597;146843;A
scaffold_598;145113;A
scaffold_599;144944;A
scaffold_600;144795;A
scaffold_601;143632;A
scaffold_602;142953;A
scaffold_603;141361;A
scaffold_604;140827;A
scaffold_605;140797;A
scaffold_606;139445;A
scaffold_607;138163;A
scaffold_608;137419;A
scaffold_609;137329;A
scaffold_610;136244;A
scaffold_611;135972;A
scaffold_612;135418;A
scaffold_613;134743;A
scaffold_614;134293;A
scaffold_615;133896;A
scaffold_616;132337;A
scaffold_617;129997;A
scaffold_618;128783;A
scaffold_619;128720;A
scaffold_620;128596;A
scaffold_621;128043;A
scaffold_622;127333;A
scaffold_623;126812;A
scaffold_624;126034;A
scaffold_625;125629;A
scaffold_626;125584;A
scaffold_627;125258;A
scaffold_628;125154;A
scaffold_629;125041;A
scaffold_630;122451;A
scaffold_631;120186;A
scaffold_632;119487;B3
scaffold_633;118775;A
scaffold_634;118235;A
scaffold_635;117804;A
scaffold_636;115400;A
scaffold_637;115262;A
scaffold_638;114408;A
scaffold_639;114041;A
scaffold_640;113869;A
scaffold_641;112485;A
scaffold_642;110194;A
scaffold_643;109919;A
scaffold_644;109125;A
scaffold_645;109006;A
scaffold_646;108809;A
scaffold_647;108324;A
scaffold_648;107629;A
scaffold_649;107491;A
scaffold_650;107074;A
scaffold_651;106954;A
scaffold_652;106700;A
scaffold_653;106456;A
scaffold_654;105793;A
scaffold_655;105415;A
scaffold_656;105373;A
scaffold_657;105169;A
scaffold_658;104674;A
scaffold_659;103558;A
scaffold_660;103362;A
scaffold_661;103296;A
scaffold_662;103016;A
scaffold_663;101923;A
scaffold_664;101657;A
scaffold_665;99346;A
scaffold_666;99054;A
scaffold_667;98497;A
scaffold_668;98003;A
scaffold_669;97920;A
scaffold_670;96700;A
scaffold_671;96413;A
scaffold_672;95681;A
scaffold_673;95501;A
scaffold_674;95006;A
scaffold_675;93493;A
scaffold_676;93060;A
scaffold_677;92898;A
scaffold_678;92821;A
scaffold_679;92631;A
scaffold_680;91533;A
scaffold_681;91478;A
scaffold_682;90845;A
scaffold_683;90809;A
scaffold_684;90004;A
scaffold_685;89893;A
scaffold_686;89670;A
scaffold_687;89331;A
scaffold_688;88807;A
scaffold_689;88743;A
scaffold_690;88239;A
scaffold_691;87248;A
scaffold_692;86885;A
scaffold_693;86638;A
scaffold_694;86561;A
scaffold_695;85259;A
scaffold_696;84438;A
scaffold_697;83650;A
scaffold_698;83275;A
scaffold_699;81512;A
scaffold_700;81260;A
scaffold_701;81196;A
scaffold_702;80915;A
scaffold_703;80589;A
scaffold_704;80440;A
scaffold_705;80418;A
scaffold_706;79982;A
scaffold_707;79637;A
scaffold_708;79252;A
scaffold_709;78665;A
scaffold_710;78099;A
scaffold_711;77714;A
scaffold_712;76841;A
scaffold_713;76786;A
scaffold_714;76052;A
scaffold_715;75929;A
scaffold_716;74982;A
scaffold_717;74891;A
scaffold_718;73810;A
scaffold_719;72670;A
scaffold_720;72529;A
scaffold_721;72026;A
scaffold_722;72024;A
scaffold_723;71945;A
scaffold_724;71657;A
scaffold_725;71647;A
scaffold_726;71468;A
scaffold_727;70565;A
scaffold_728;70424;A
scaffold_729;70199;A
scaffold_730;69816;A
scaffold_731;69571;A
scaffold_732;69353;A
scaffold_733;69198;A
scaffold_734;68946;A
scaffold_735;68653;A
scaffold_736;68617;A
scaffold_737;67164;A
scaffold_738;66263;A
scaffold_739;65653;A
scaffold_740;65332;A
scaffold_741;65284;A
scaffold_742;64891;A
scaffold_743;64755;A
scaffold_744;64720;A
scaffold_745;63795;A
scaffold_746;63285;B3
scaffold_747;62436;A
scaffold_748;62175;A
scaffold_749;61339;A
scaffold_750;61191;A
scaffold_751;61138;A
scaffold_752;60938;A
scaffold_753;60887;A
scaffold_754;59894;A
scaffold_755;59841;A
scaffold_756;59702;A
scaffold_757;59257;B3
scaffold_758;58024;A
scaffold_759;57945;A
scaffold_760;57370;A
scaffold_761;56113;A
scaffold_762;55864;A
scaffold_763;55660;B3
scaffold_764;55479;A
scaffold_765;54856;A
scaffold_766;54803;A
scaffold_767;53626;A
scaffold_768;53477;B3
scaffold_769;53292;A
scaffold_770;53070;A
scaffold_771;52712;A
scaffold_772;52531;A
scaffold_773;52133;A
scaffold_774;52062;A
scaffold_775;52027;A
scaffold_776;51951;A
scaffold_777;51939;A
scaffold_778;51823;A
scaffold_779;51583;A
scaffold_780;51383;A
scaffold_781;50412;A
scaffold_782;49811;A
scaffold_783;49515;A
scaffold_784;49416;A
scaffold_785;49153;A
scaffold_786;48770;B1
scaffold_787;48549;A
scaffold_788;47716;A
scaffold_789;47675;A
scaffold_790;47618;A
scaffold_791;47560;A
scaffold_792;47069;A
scaffold_793;47033;A
scaffold_794;46972;A
scaffold_795;46884;A
scaffold_796;46631;A
scaffold_797;46578;A
scaffold_798;46531;A
scaffold_799;46329;A
scaffold_800;46173;A
scaffold_801;46037;A
scaffold_802;45721;A
scaffold_803;45652;A
scaffold_804;45531;A
scaffold_805;45340;A
scaffold_806;44851;A
scaffold_807;44731;A
scaffold_808;44585;A
scaffold_809;44321;A
scaffold_810;44307;A
scaffold_811;44050;A
scaffold_812;43459;A
scaffold_813;43344;A
scaffold_814;43109;A
scaffold_815;43036;A
scaffold_816;42994;A
scaffold_817;42457;A
scaffold_818;42357;A
scaffold_819;42129;A
scaffold_820;42031;A
scaffold_821;41969;A
scaffold_822;41400;A
scaffold_823;41255;A
scaffold_824;40731;A
scaffold_825;40635;A
scaffold_826;40607;A
scaffold_827;40584;A
scaffold_828;40580;A
scaffold_829;40557;A
scaffold_830;40253;A
scaffold_831;40189;B3
scaffold_832;40185;A
scaffold_833;39521;A
scaffold_834;38341;A
scaffold_835;37837;A
scaffold_836;37758;A
scaffold_837;37745;A
scaffold_838;37744;A
scaffold_839;37673;A
scaffold_840;37672;A
scaffold_841;37413;A
scaffold_842;37409;A
scaffold_843;37137;A
scaffold_844;37057;A
scaffold_845;37053;A
scaffold_846;37013;A
scaffold_847;36431;A
scaffold_848;36415;B2
scaffold_849;36281;A
scaffold_850;36264;A
scaffold_851;36248;A
scaffold_852;36193;A
scaffold_853;36130;A
scaffold_854;36116;A
scaffold_855;36012;A
scaffold_856;35917;A
scaffold_857;35916;A
scaffold_858;35877;A
scaffold_859;35811;A
scaffold_860;35735;A
scaffold_861;35498;A
scaffold_862;35497;A
scaffold_863;35256;A
scaffold_864;35160;A
scaffold_865;34947;A
scaffold_866;34898;A
scaffold_867;34615;A
scaffold_868;34589;A
scaffold_869;34351;A
scaffold_870;33914;A
scaffold_871;33748;A
scaffold_872;33567;A
scaffold_873;33450;A
scaffold_874;33392;B3
scaffold_875;33216;A
scaffold_876;33196;A
scaffold_877;33102;A
scaffold_878;33069;A
scaffold_879;33058;A
scaffold_880;32811;A
scaffold_881;32697;A
scaffold_882;32642;A
scaffold_883;32294;A
scaffold_884;32140;A
scaffold_885;32080;A
scaffold_886;31933;A
scaffold_887;31880;B1
scaffold_888;31817;A
scaffold_889;31788;A
scaffold_890;31564;A
scaffold_891;31564;A
scaffold_892;31558;A
scaffold_893;31538;A
scaffold_894;31517;A
scaffold_895;31466;A
scaffold_896;31331;A
scaffold_897;31263;B2
scaffold_898;31160;A
scaffold_899;31159;A
scaffold_900;31054;A
scaffold_901;30758;B1
scaffold_902;30666;B1
scaffold_903;30636;A
scaffold_904;30469;A
scaffold_905;30434;A
scaffold_906;30370;A
scaffold_907;30252;A
scaffold_908;30178;A
scaffold_909;30158;A
scaffold_910;30153;A
scaffold_911;29992;A
scaffold_912;29846;A
scaffold_913;29763;A
scaffold_914;29465;A
scaffold_915;29462;A
scaffold_916;29412;A
scaffold_917;29339;A
scaffold_918;29296;A
scaffold_919;29283;A
scaffold_920;29219;A
scaffold_921;29080;A
scaffold_922;29069;A
scaffold_923;28989;A
scaffold_924;28919;A
scaffold_925;28912;A
scaffold_926;28883;A
scaffold_927;28832;A
scaffold_928;28820;A
scaffold_929;28712;B1
scaffold_930;28689;A
scaffold_931;28661;A
scaffold_932;28592;B1
scaffold_933;28376;A
scaffold_934;28375;A
scaffold_935;28166;A
scaffold_936;28139;A
scaffold_937;28110;A
scaffold_938;28006;A
scaffold_939;28001;A
scaffold_940;28001;A
scaffold_941;27709;A
scaffold_942;27696;A
scaffold_943;27684;A
scaffold_944;27650;A
scaffold_945;27636;A
scaffold_946;27626;A
scaffold_947;27610;A
scaffold_948;27425;A
scaffold_949;27297;A
scaffold_950;27271;A
scaffold_951;27219;A
scaffold_952;27214;A
scaffold_953;27161;A
scaffold_954;27136;A
scaffold_955;27010;A
scaffold_956;26948;A
scaffold_957;26928;B1
scaffold_958;26911;A
scaffold_959;26896;A
scaffold_960;26854;A
scaffold_961;26819;A
scaffold_962;26791;A
scaffold_963;26756;A
scaffold_964;26733;A
scaffold_965;26730;A
scaffold_966;26636;A
scaffold_967;26595;A
scaffold_968;26494;A
scaffold_969;26484;A
scaffold_970;26465;A
scaffold_971;26398;A
scaffold_972;26384;A
scaffold_973;26358;A
scaffold_974;26338;A
scaffold_975;26242;A
scaffold_976;26218;A
scaffold_977;26129;A
scaffold_978;25981;A
scaffold_979;25972;A
scaffold_980;25862;A
scaffold_981;25837;A
scaffold_982;25835;A
scaffold_983;25831;A
scaffold_984;25785;A
scaffold_985;25718;A
scaffold_986;25718;A
scaffold_987;25651;B1
scaffold_988;25645;A
scaffold_989;25620;A
scaffold_990;25521;A
scaffold_991;25468;A
scaffold_992;25457;B3
scaffold_993;25395;A
scaffold_994;25270;A
scaffold_995;25262;A
scaffold_996;25216;A
scaffold_997;25094;A
scaffold_998;25093;A
scaffold_999;25053;A
scaffold_1000;25048;A
scaffold_1001;24880;A
scaffold_1002;24857;B3
scaffold_1003;24803;A
scaffold_1004;24802;A
scaffold_1005;24698;A
scaffold_1006;24616;A
scaffold_1007;24590;A
scaffold_1008;24531;A
scaffold_1009;24501;A
scaffold_1010;24483;A
scaffold_1011;24411;A
scaffold_1012;24356;A
scaffold_1013;24300;A
scaffold_1014;24267;A
scaffold_1015;24195;A
scaffold_1016;24151;A
scaffold_1017;24145;A
scaffold_1018;24128;A
scaffold_1019;24096;A
scaffold_1020;24069;A
scaffold_1021;24047;A
scaffold_1022;24046;A
scaffold_1023;24020;A
scaffold_1024;23944;A
scaffold_1025;23933;A
scaffold_1026;23923;A
scaffold_1027;23910;A
scaffold_1028;23884;A
scaffold_1029;23873;A
scaffold_1030;23798;A
scaffold_1031;23702;B3
scaffold_1032;23692;A
scaffold_1033;23680;A
scaffold_1034;23666;B3
scaffold_1035;23638;A
scaffold_1036;23635;A
scaffold_1037;23593;A
scaffold_1038;23547;A
scaffold_1039;23504;A
scaffold_1040;23333;A
scaffold_1041;23308;A
scaffold_1042;23253;A
scaffold_1043;23242;A
scaffold_1044;23231;A
scaffold_1045;23169;A
scaffold_1046;23148;A
scaffold_1047;23067;A
scaffold_1048;23062;B3
scaffold_1049;23039;A
scaffold_1050;22946;A
scaffold_1051;22943;A
scaffold_1052;22876;A
scaffold_1053;22772;A
scaffold_1054;22739;A
scaffold_1055;22733;A
scaffold_1056;22680;A
scaffold_1057;22608;A
scaffold_1058;22578;A
scaffold_1059;22572;A
scaffold_1060;22546;B3
scaffold_1061;22534;A
scaffold_1062;22522;A
scaffold_1063;22494;A
scaffold_1064;22479;A
scaffold_1065;22417;A
scaffold_1066;22383;A
scaffold_1067;22328;A
scaffold_1068;22286;A
scaffold_1069;22252;A
scaffold_1070;22220;A
scaffold_1071;22182;A
scaffold_1072;22028;A
scaffold_1073;22000;A
scaffold_1074;21996;A
scaffold_1075;21986;A
scaffold_1076;21958;A
scaffold_1077;21950;A
scaffold_1078;21903;A
scaffold_1079;21898;B3
scaffold_1080;21853;A
scaffold_1081;21825;A
scaffold_1082;21822;A
scaffold_1083;21791;A
scaffold_1084;21728;A
scaffold_1085;21664;A
scaffold_1086;21647;A
scaffold_1087;21562;A
scaffold_1088;21466;A
scaffold_1089;21444;B1
scaffold_1090;21412;A
scaffold_1091;21390;A
scaffold_1092;21327;A
scaffold_1093;21316;A
scaffold_1094;21294;A
scaffold_1095;21262;A
scaffold_1096;21249;A
scaffold_1097;21194;A
scaffold_1098;21177;B2
scaffold_1099;21172;A
scaffold_1100;21170;A
scaffold_1101;21147;A
scaffold_1102;21092;A
scaffold_1103;21071;A
scaffold_1104;21032;A
scaffold_1105;20864;B3
scaffold_1106;20852;A
scaffold_1107;20850;A
scaffold_1108;20840;A
scaffold_1109;20751;A
scaffold_1110;20751;A
scaffold_1111;20666;A
scaffold_1112;20609;A
scaffold_1113;20603;A
scaffold_1114;20570;B2
scaffold_1115;20516;A
scaffold_1116;20422;A
scaffold_1117;20405;A
scaffold_1118;20351;A
scaffold_1119;20276;A
scaffold_1120;20252;A
scaffold_1121;20231;A
scaffold_1122;20213;A
scaffold_1123;20192;A
scaffold_1124;20190;B1
scaffold_1125;20152;A
scaffold_1126;20138;A
scaffold_1127;20090;A
scaffold_1128;20086;A
scaffold_1129;20055;A
scaffold_1130;20045;A
scaffold_1131;20023;A
scaffold_1132;20023;A
scaffold_1133;19994;A
scaffold_1134;19990;A
scaffold_1135;19955;A
scaffold_1136;19911;A
scaffold_1137;19886;B3
scaffold_1138;19871;A
scaffold_1139;19793;A
scaffold_1140;19727;A
scaffold_1141;19721;A
scaffold_1142;19721;A
scaffold_1143;19714;A
scaffold_1144;19713;A
scaffold_1145;19693;A
scaffold_1146;19662;A
scaffold_1147;19581;A
scaffold_1148;19549;B1
scaffold_1149;19548;A
scaffold_1150;19546;A
scaffold_1151;19534;A
scaffold_1152;19452;A
scaffold_1153;19431;A
scaffold_1154;19430;A
scaffold_1155;19418;A
scaffold_1156;19374;A
scaffold_1157;19332;A
scaffold_1158;19330;A
scaffold_1159;19291;A
scaffold_1160;19291;A
scaffold_1161;19227;A
scaffold_1162;19220;A
scaffold_1163;19190;A
scaffold_1164;19161;A
scaffold_1165;19145;A
scaffold_1166;19126;A
scaffold_1167;19109;A
scaffold_1168;19099;A
scaffold_1169;19053;A
scaffold_1170;19042;A
scaffold_1171;19030;A
scaffold_1172;19023;A
scaffold_1173;18998;A
scaffold_1174;18960;A
scaffold_1175;18938;B1
scaffold_1176;18910;A
scaffold_1177;18835;A
scaffold_1178;18824;A
scaffold_1179;18795;A
scaffold_1180;18741;A
scaffold_1181;18730;A
scaffold_1182;18724;A
scaffold_1183;18653;A
scaffold_1184;18636;A
scaffold_1185;18624;A
scaffold_1186;18610;A
scaffold_1187;18608;A
scaffold_1188;18585;A
scaffold_1189;18579;A
scaffold_1190;18548;A
scaffold_1191;18546;A
scaffold_1192;18522;A
scaffold_1193;18500;A
scaffold_1194;18500;A
scaffold_1195;18494;A
scaffold_1196;18489;A
scaffold_1197;18474;A
scaffold_1198;18472;A
scaffold_1199;18414;A
scaffold_1200;18404;A
scaffold_1201;18392;A
scaffold_1202;18321;A
scaffold_1203;18310;A
scaffold_1204;18289;A
scaffold_1205;18223;A
scaffold_1206;18214;A
scaffold_1207;18196;A
scaffold_1208;18191;A
scaffold_1209;18185;A
scaffold_1210;18174;A
scaffold_1211;18165;A
scaffold_1212;18164;B1
scaffold_1213;18164;A
scaffold_1214;18082;A
scaffold_1215;18052;A
scaffold_1216;18043;A
scaffold_1217;18034;A
scaffold_1218;18032;A
scaffold_1219;18025;A
scaffold_1220;18011;A
scaffold_1221;17992;A
scaffold_1222;17986;A
scaffold_1223;17982;A
scaffold_1224;17935;A
scaffold_1225;17928;A
scaffold_1226;17908;B1
scaffold_1227;17900;A
scaffold_1228;17883;A
scaffold_1229;17819;A
scaffold_1230;17814;B1
scaffold_1231;17812;A
scaffold_1232;17750;A
scaffold_1233;17745;A
scaffold_1234;17726;A
scaffold_1235;17723;B3
scaffold_1236;17721;A
scaffold_1237;17712;A
scaffold_1238;17686;A
scaffold_1239;17640;A
scaffold_1240;17627;A
scaffold_1241;17620;A
scaffold_1242;17586;A
scaffold_1243;17584;A
scaffold_1244;17582;A
scaffold_1245;17546;B1
scaffold_1246;17538;A
scaffold_1247;17522;A
scaffold_1248;17512;A
scaffold_1249;17498;B3
scaffold_1250;17494;A
scaffold_1251;17461;A
scaffold_1252;17461;B3
scaffold_1253;17450;A
scaffold_1254;17441;A
scaffold_1255;17383;A
scaffold_1256;17361;A
scaffold_1257;17351;A
scaffold_1258;17321;A
scaffold_1259;17307;A
scaffold_1260;17300;A
scaffold_1261;17280;A
scaffold_1262;17261;A
scaffold_1263;17258;A
scaffold_1264;17249;A
scaffold_1265;17226;B3
scaffold_1266;17225;B3
scaffold_1267;17202;A
scaffold_1268;17180;A
scaffold_1269;17142;B1
scaffold_1270;17116;A
scaffold_1271;17114;B1
scaffold_1272;17094;A
scaffold_1273;17068;B1
scaffold_1274;17063;A
scaffold_1275;17055;B3
scaffold_1276;17023;A
scaffold_1277;17008;A
scaffold_1278;16973;A
scaffold_1279;16960;A
scaffold_1280;16949;A
scaffold_1281;16919;A
scaffold_1282;16916;A
scaffold_1283;16904;A
scaffold_1284;16903;A
scaffold_1285;16880;A
scaffold_1286;16879;A
scaffold_1287;16872;B3
scaffold_1288;16861;B3
scaffold_1289;16860;A
scaffold_1290;16827;A
scaffold_1291;16824;A
scaffold_1292;16809;A
scaffold_1293;16785;A
scaffold_1294;16763;A
scaffold_1295;16745;A
scaffold_1296;16730;A
scaffold_1297;16705;A
scaffold_1298;16705;A
scaffold_1299;16698;A
scaffold_1300;16681;A
scaffold_1301;16642;A
scaffold_1302;16637;A
scaffold_1303;16588;A
scaffold_1304;16560;B1
scaffold_1305;16514;A
scaffold_1306;16510;A
scaffold_1307;16510;A
scaffold_1308;16505;A
scaffold_1309;16505;A
scaffold_1310;16485;A
scaffold_1311;16477;A
scaffold_1312;16468;A
scaffold_1313;16422;A
scaffold_1314;16368;A
scaffold_1315;16359;B3
scaffold_1316;16353;A
scaffold_1317;16304;A
scaffold_1318;16296;A
scaffold_1319;16281;A
scaffold_1320;16215;A
scaffold_1321;16213;B3
scaffold_1322;16204;A
scaffold_1323;16196;A
scaffold_1324;16186;A
scaffold_1325;16139;A
scaffold_1326;16103;A
scaffold_1327;16087;A
scaffold_1328;16060;A
scaffold_1329;16049;A
scaffold_1330;16017;A
scaffold_1331;15983;A
scaffold_1332;15976;A
scaffold_1333;15939;A
scaffold_1334;15894;A
scaffold_1335;15853;A
scaffold_1336;15836;A
scaffold_1337;15829;A
scaffold_1338;15828;A
scaffold_1339;15800;A
scaffold_1340;15796;A
scaffold_1341;15732;A
scaffold_1342;15720;A
scaffold_1343;15699;A
scaffold_1344;15656;A
scaffold_1345;15631;A
scaffold_1346;15630;A
scaffold_1347;15610;A
scaffold_1348;15599;A
scaffold_1349;15594;A
scaffold_1350;15582;A
scaffold_1351;15577;A
scaffold_1352;15543;A
scaffold_1353;15514;A
scaffold_1354;15468;A
scaffold_1355;15465;A
scaffold_1356;15462;A
scaffold_1357;15456;A
scaffold_1358;15450;A
scaffold_1359;15432;A
scaffold_1360;15420;A
scaffold_1361;15413;A
scaffold_1362;15392;A
scaffold_1363;15341;A
scaffold_1364;15340;A
scaffold_1365;15333;A
scaffold_1366;15317;A
scaffold_1367;15251;A
scaffold_1368;15168;A
scaffold_1369;15168;A
scaffold_1370;15165;A
scaffold_1371;15152;A
scaffold_1372;15139;A
scaffold_1373;15138;A
scaffold_1374;15110;A
scaffold_1375;15084;A
scaffold_1376;15051;A
scaffold_1377;15044;A
scaffold_1378;15038;A
scaffold_1379;15011;A
scaffold_1380;15004;A
scaffold_1381;14999;A
scaffold_1382;14997;A
scaffold_1383;14991;A
scaffold_1384;14970;A
scaffold_1385;14969;B3
scaffold_1386;14937;A
scaffold_1387;14911;A
scaffold_1388;14907;B2
scaffold_1389;14840;B3
scaffold_1390;14831;A
scaffold_1391;14814;A
scaffold_1392;14811;A
scaffold_1393;14755;A
scaffold_1394;14742;A
scaffold_1395;14738;A
scaffold_1396;14730;A
scaffold_1397;14714;A
scaffold_1398;14702;A
scaffold_1399;14690;A
scaffold_1400;14678;A
scaffold_1401;14662;A
scaffold_1402;14659;A
scaffold_1403;14656;A
scaffold_1404;14652;A
scaffold_1405;14627;A
scaffold_1406;14626;A
scaffold_1407;14623;A
scaffold_1408;14599;A
scaffold_1409;14569;A
scaffold_1410;14569;A
scaffold_1411;14550;A
scaffold_1412;14520;A
scaffold_1413;14495;A
scaffold_1414;14480;A
scaffold_1415;14467;A
scaffold_1416;14463;A
scaffold_1417;14461;A
scaffold_1418;14434;A
scaffold_1419;14423;A
scaffold_1420;14373;A
scaffold_1421;14371;A
scaffold_1422;14314;A
scaffold_1423;14294;A
scaffold_1424;14283;A
scaffold_1425;14282;B3
scaffold_1426;14273;A
scaffold_1427;14233;A
scaffold_1428;14180;A
scaffold_1429;14180;B1
scaffold_1430;14139;A
scaffold_1431;14118;A
scaffold_1432;14104;A
scaffold_1433;14087;A
scaffold_1434;14081;A
scaffold_1435;14061;A
scaffold_1436;14026;A
scaffold_1437;14014;A
scaffold_1438;14013;A
scaffold_1439;14005;A
scaffold_1440;13941;A
scaffold_1441;13933;A
scaffold_1442;13861;A
scaffold_1443;13856;A
scaffold_1444;13829;A
scaffold_1445;13827;A
scaffold_1446;13798;A
scaffold_1447;13779;A
scaffold_1448;13773;A
scaffold_1449;13769;A
scaffold_1450;13763;A
scaffold_1451;13734;A
scaffold_1452;13687;A
scaffold_1453;13683;A
scaffold_1454;13677;A
scaffold_1455;13669;A
scaffold_1456;13668;A
scaffold_1457;13661;A
scaffold_1458;13660;A
scaffold_1459;13654;B1
scaffold_1460;13647;A
scaffold_1461;13621;B3
scaffold_1462;13605;A
scaffold_1463;13585;A
scaffold_1464;13585;A
scaffold_1465;13573;A
scaffold_1466;13543;A
scaffold_1467;13505;A
scaffold_1468;13496;B1
scaffold_1469;13482;B3
scaffold_1470;13481;B3
scaffold_1471;13473;A
scaffold_1472;13446;B2
scaffold_1473;13446;A
scaffold_1474;13442;B1
scaffold_1475;13439;A
scaffold_1476;13434;A
scaffold_1477;13390;A
scaffold_1478;13361;A
scaffold_1479;13359;A
scaffold_1480;13314;A
scaffold_1481;13300;A
scaffold_1482;13300;A
scaffold_1483;13292;A
scaffold_1484;13285;A
scaffold_1485;13274;A
scaffold_1486;13271;A
scaffold_1487;13267;A
scaffold_1488;13254;A
scaffold_1489;13248;A
scaffold_1490;13234;A
scaffold_1491;13217;A
scaffold_1492;13215;B3
scaffold_1493;13183;A
scaffold_1494;13181;B3
scaffold_1495;13125;B3
scaffold_1496;13111;A
scaffold_1497;13088;A
scaffold_1498;13084;A
scaffold_1499;13079;A
scaffold_1500;13069;A
scaffold_1501;13068;A
scaffold_1502;13042;A
scaffold_1503;13040;A
scaffold_1504;13025;A
scaffold_1505;13019;A
scaffold_1506;12969;A
scaffold_1507;12968;A
scaffold_1508;12965;B2
scaffold_1509;12955;A
scaffold_1510;12922;A
scaffold_1511;12908;A
scaffold_1512;12908;A
scaffold_1513;12892;A
scaffold_1514;12816;B3
scaffold_1515;12811;A
scaffold_1516;12807;A
scaffold_1517;12788;A
scaffold_1518;12782;A
scaffold_1519;12714;A
scaffold_1520;12679;B3
scaffold_1521;12656;A
scaffold_1522;12654;A
scaffold_1523;12654;A
scaffold_1524;12654;A
scaffold_1525;12579;A
scaffold_1526;12550;A
scaffold_1527;12539;A
scaffold_1528;12531;A
scaffold_1529;12497;A
scaffold_1530;12492;A
scaffold_1531;12467;A
scaffold_1532;12445;A
scaffold_1533;12427;A
scaffold_1534;12410;A
scaffold_1535;12397;A
scaffold_1536;12376;A
scaffold_1537;12375;A
scaffold_1538;12371;A
scaffold_1539;12359;A
scaffold_1540;12346;A
scaffold_1541;12332;A
scaffold_1542;12320;B3
scaffold_1543;12270;A
scaffold_1544;12266;A
scaffold_1545;12263;A
scaffold_1546;12256;B3
scaffold_1547;12247;A
scaffold_1548;12247;B3
scaffold_1549;12235;A
scaffold_1550;12217;A
scaffold_1551;12209;B1
scaffold_1552;12201;A
scaffold_1553;12161;A
scaffold_1554;12157;A
scaffold_1555;12143;A
scaffold_1556;12141;A
scaffold_1557;12129;A
scaffold_1558;12124;A
scaffold_1559;12108;A
scaffold_1560;12107;B1
scaffold_1561;12073;A
scaffold_1562;12071;A
scaffold_1563;12069;A
scaffold_1564;12057;A
scaffold_1565;12014;A
scaffold_1566;12012;A
scaffold_1567;11979;A
scaffold_1568;11967;A
scaffold_1569;11962;B3
scaffold_1570;11958;A
scaffold_1571;11928;A
scaffold_1572;11908;A
scaffold_1573;11895;A
scaffold_1574;11860;A
scaffold_1575;11853;B3
scaffold_1576;11821;A
scaffold_1577;11814;A
scaffold_1578;11811;A
scaffold_1579;11810;B3
scaffold_1580;11808;B3
scaffold_1581;11805;B3
scaffold_1582;11794;A
scaffold_1583;11793;B2
scaffold_1584;11792;A
scaffold_1585;11791;A
scaffold_1586;11766;A
scaffold_1587;11766;B1
scaffold_1588;11751;A
scaffold_1589;11725;A
scaffold_1590;11689;A
scaffold_1591;11673;A
scaffold_1592;11669;A
scaffold_1593;11666;A
scaffold_1594;11639;B3
scaffold_1595;11593;B1
scaffold_1596;11591;A
scaffold_1597;11589;A
scaffold_1598;11588;A
scaffold_1599;11543;A
scaffold_1600;11520;A
scaffold_1601;11499;A
scaffold_1602;11487;A
scaffold_1603;11482;A
scaffold_1604;11473;A
scaffold_1605;11449;A
scaffold_1606;11426;A
scaffold_1607;11419;A
scaffold_1608;11374;A
scaffold_1609;11357;A
scaffold_1610;11348;A
scaffold_1611;11342;A
scaffold_1612;11331;A
scaffold_1613;11315;B1
scaffold_1614;11314;A
scaffold_1615;11300;B3
scaffold_1616;11293;A
scaffold_1617;11290;A
scaffold_1618;11287;A
scaffold_1619;11284;A
scaffold_1620;11278;A
scaffold_1621;11274;A
scaffold_1622;11256;A
scaffold_1623;11243;A
scaffold_1624;11239;A
scaffold_1625;11225;A
scaffold_1626;11219;A
scaffold_1627;11214;A
scaffold_1628;11208;B3
scaffold_1629;11204;A
scaffold_1630;11197;A
scaffold_1631;11170;A
scaffold_1632;11163;A
scaffold_1633;11144;B3
scaffold_1634;11141;A
scaffold_1635;11134;A
scaffold_1636;11108;A
scaffold_1637;11086;A
scaffold_1638;11082;A
scaffold_1639;11069;A
scaffold_1640;11061;A
scaffold_1641;11053;A
scaffold_1642;11051;A
scaffold_1643;11048;A
scaffold_1644;11039;A
scaffold_1645;11010;A
scaffold_1646;10988;B1
scaffold_1647;10981;A
scaffold_1648;10903;A
scaffold_1649;10899;A
scaffold_1650;10885;A
scaffold_1651;10878;A
scaffold_1652;10875;A
scaffold_1653;10852;A
scaffold_1654;10811;B3
scaffold_1655;10802;A
scaffold_1656;10788;A
scaffold_1657;10784;A
scaffold_1658;10782;A
scaffold_1659;10781;A
scaffold_1660;10767;A
scaffold_1661;10765;A
scaffold_1662;10719;A
scaffold_1663;10714;A
scaffold_1664;10689;A
scaffold_1665;10688;B1
scaffold_1666;10665;A
scaffold_1667;10656;A
scaffold_1668;10636;A
scaffold_1669;10633;A
scaffold_1670;10608;B3
scaffold_1671;10602;A
scaffold_1672;10567;A
scaffold_1673;10551;A
scaffold_1674;10548;A
scaffold_1675;10546;A
scaffold_1676;10485;A
scaffold_1677;10483;A
scaffold_1678;10474;A
scaffold_1679;10474;A
scaffold_1680;10458;B3
scaffold_1681;10450;A
scaffold_1682;10408;A
scaffold_1683;10395;A
scaffold_1684;10390;A
scaffold_1685;10368;A
scaffold_1686;10366;A
scaffold_1687;10365;B3
scaffold_1688;10361;B1
scaffold_1689;10348;A
scaffold_1690;10333;B2
scaffold_1691;10292;A
scaffold_1692;10282;A
scaffold_1693;10263;A
scaffold_1694;10246;B2
scaffold_1695;10244;A
scaffold_1696;10238;A
scaffold_1697;10223;A
scaffold_1698;10221;A
scaffold_1699;10218;A
scaffold_1700;10197;A
scaffold_1701;10191;B3
scaffold_1702;10187;B2
scaffold_1703;10186;A
scaffold_1704;10181;A
scaffold_1705;10162;A
scaffold_1706;10156;A
scaffold_1707;10151;B3
scaffold_1708;10137;A
scaffold_1709;10134;A
scaffold_1710;10134;A
scaffold_1711;10114;A
scaffold_1712;10113;A
scaffold_1713;10091;A
scaffold_1714;10079;A
scaffold_1715;10066;A
scaffold_1716;10059;A
scaffold_1717;10044;A
scaffold_1718;10037;A
scaffold_1719;10032;B3
scaffold_1720;10031;B3
scaffold_1721;9998;A
scaffold_1722;9997;A
scaffold_1723;9996;A
scaffold_1724;9995;A
scaffold_1725;9991;A
scaffold_1726;9988;A
scaffold_1727;9939;A
scaffold_1728;9934;A
scaffold_1729;9898;A
scaffold_1730;9851;A
scaffold_1731;9836;A
scaffold_1732;9831;A
scaffold_1733;9808;A
scaffold_1734;9807;A
scaffold_1735;9799;A
scaffold_1736;9789;A
scaffold_1737;9760;A
scaffold_1738;9756;A
scaffold_1739;9750;B3
scaffold_1740;9741;A
scaffold_1741;9737;A
scaffold_1742;9735;A
scaffold_1743;9718;A
scaffold_1744;9699;A
scaffold_1745;9690;A
scaffold_1746;9688;A
scaffold_1747;9679;A
scaffold_1748;9673;A
scaffold_1749;9670;A
scaffold_1750;9648;A
scaffold_1751;9623;A
scaffold_1752;9620;A
scaffold_1753;9617;A
scaffold_1754;9611;A
scaffold_1755;9610;A
scaffold_1756;9592;A
scaffold_1757;9586;A
scaffold_1758;9518;A
scaffold_1759;9511;A
scaffold_1760;9475;B3
scaffold_1761;9470;A
scaffold_1762;9460;A
scaffold_1763;9446;A
scaffold_1764;9445;B1
scaffold_1765;9438;A
scaffold_1766;9399;A
scaffold_1767;9398;A
scaffold_1768;9394;B2
scaffold_1769;9393;A
scaffold_1770;9391;A
scaffold_1771;9377;A
scaffold_1772;9373;A
scaffold_1773;9363;A
scaffold_1774;9359;A
scaffold_1775;9355;B1
scaffold_1776;9354;A
scaffold_1777;9350;A
scaffold_1778;9344;A
scaffold_1779;9343;A
scaffold_1780;9341;A
scaffold_1781;9332;A
scaffold_1782;9320;A
scaffold_1783;9308;A
scaffold_1784;9304;A
scaffold_1785;9302;A
scaffold_1786;9302;A
scaffold_1787;9281;A
scaffold_1788;9260;A
scaffold_1789;9242;A
scaffold_1790;9240;A
scaffold_1791;9233;A
scaffold_1792;9212;A
scaffold_1793;9190;A
scaffold_1794;9190;A
scaffold_1795;9184;B3
scaffold_1796;9181;A
scaffold_1797;9179;A
scaffold_1798;9179;B1
scaffold_1799;9167;A
scaffold_1800;9150;A
scaffold_1801;9143;A
scaffold_1802;9142;A
scaffold_1803;9136;A
scaffold_1804;9131;B1
scaffold_1805;9126;A
scaffold_1806;9117;A
scaffold_1807;9092;A
scaffold_1808;9081;A
scaffold_1809;9058;A
scaffold_1810;9051;A
scaffold_1811;9040;A
scaffold_1812;9025;A
scaffold_1813;9008;A
scaffold_1814;8994;A
scaffold_1815;8992;A
scaffold_1816;8979;A
scaffold_1817;8960;A
scaffold_1818;8956;A
scaffold_1819;8950;B1
scaffold_1820;8945;A
scaffold_1821;8920;A
scaffold_1822;8909;A
scaffold_1823;8909;A
scaffold_1824;8906;A
scaffold_1825;8901;A
scaffold_1826;8898;A
scaffold_1827;8895;A
scaffold_1828;8823;A
scaffold_1829;8818;A
scaffold_1830;8810;A
scaffold_1831;8807;A
scaffold_1832;8795;A
scaffold_1833;8794;A
scaffold_1834;8781;A
scaffold_1835;8761;A
scaffold_1836;8752;A
scaffold_1837;8748;A
scaffold_1838;8734;A
scaffold_1839;8732;A
scaffold_1840;8726;A
scaffold_1841;8716;A
scaffold_1842;8711;B2
scaffold_1843;8702;A
scaffold_1844;8697;A
scaffold_1845;8684;B3
scaffold_1846;8682;A
scaffold_1847;8679;A
scaffold_1848;8653;A
scaffold_1849;8648;B3
scaffold_1850;8647;B3
scaffold_1851;8638;A
scaffold_1852;8633;A
scaffold_1853;8629;A
scaffold_1854;8617;A
scaffold_1855;8612;A
scaffold_1856;8594;A
scaffold_1857;8594;A
scaffold_1858;8592;A
scaffold_1859;8570;A
scaffold_1860;8568;A
scaffold_1861;8538;A
scaffold_1862;8536;A
scaffold_1863;8522;A
scaffold_1864;8511;B3
scaffold_1865;8508;A
scaffold_1866;8491;A
scaffold_1867;8486;A
scaffold_1868;8472;B1
scaffold_1869;8469;A
scaffold_1870;8461;A
scaffold_1871;8454;A
scaffold_1872;8450;A
scaffold_1873;8432;A
scaffold_1874;8427;A
scaffold_1875;8426;A
scaffold_1876;8411;A
scaffold_1877;8396;A
scaffold_1878;8375;A
scaffold_1879;8369;A
scaffold_1880;8360;A
scaffold_1881;8342;A
scaffold_1882;8342;A
scaffold_1883;8326;B1
scaffold_1884;8301;A
scaffold_1885;8299;A
scaffold_1886;8297;A
scaffold_1887;8287;A
scaffold_1888;8282;A
scaffold_1889;8272;A
scaffold_1890;8242;B3
scaffold_1891;8240;A
scaffold_1892;8222;A
scaffold_1893;8214;A
scaffold_1894;8209;A
scaffold_1895;8174;B1
scaffold_1896;8163;A
scaffold_1897;8155;A
scaffold_1898;8125;A
scaffold_1899;8118;A
scaffold_1900;8113;A
scaffold_1901;8107;A
scaffold_1902;8105;A
scaffold_1903;8081;A
scaffold_1904;8080;A
scaffold_1905;8080;A
scaffold_1906;8069;A
scaffold_1907;8049;A
scaffold_1908;8044;A
scaffold_1909;8038;A
scaffold_1910;8023;A
scaffold_1911;8018;A
scaffold_1912;8000;A
scaffold_1913;7995;A
scaffold_1914;7985;B3
scaffold_1915;7985;A
scaffold_1916;7979;A
scaffold_1917;7977;A
scaffold_1918;7977;A
scaffold_1919;7971;A
scaffold_1920;7967;A
scaffold_1921;7950;A
scaffold_1922;7949;A
scaffold_1923;7948;A
scaffold_1924;7937;A
scaffold_1925;7937;A
scaffold_1926;7922;A
scaffold_1927;7904;A
scaffold_1928;7901;A
scaffold_1929;7885;A
scaffold_1930;7884;A
scaffold_1931;7867;A
scaffold_1932;7866;A
scaffold_1933;7833;A
scaffold_1934;7821;A
scaffold_1935;7810;A
scaffold_1936;7803;A
scaffold_1937;7801;A
scaffold_1938;7801;B3
scaffold_1939;7791;A
scaffold_1940;7778;A
scaffold_1941;7772;A
scaffold_1942;7754;A
scaffold_1943;7727;A
scaffold_1944;7727;A
scaffold_1945;7711;A
scaffold_1946;7704;A
scaffold_1947;7704;A
scaffold_1948;7695;A
scaffold_1949;7685;B1
scaffold_1950;7674;A
scaffold_1951;7672;A
scaffold_1952;7670;A
scaffold_1953;7663;A
scaffold_1954;7655;A
scaffold_1955;7654;A
scaffold_1956;7650;A
scaffold_1957;7601;A
scaffold_1958;7600;A
scaffold_1959;7590;A
scaffold_1960;7575;B1
scaffold_1961;7565;A
scaffold_1962;7563;B1
scaffold_1963;7558;A
scaffold_1964;7554;A
scaffold_1965;7547;A
scaffold_1966;7531;A
scaffold_1967;7520;A
scaffold_1968;7507;A
scaffold_1969;7499;A
scaffold_1970;7497;A
scaffold_1971;7480;A
scaffold_1972;7473;A
scaffold_1973;7471;A
scaffold_1974;7457;A
scaffold_1975;7444;A
scaffold_1976;7442;A
scaffold_1977;7441;A
scaffold_1978;7434;A
scaffold_1979;7417;A
scaffold_1980;7380;A
scaffold_1981;7373;A
scaffold_1982;7363;A
scaffold_1983;7363;A
scaffold_1984;7354;A
scaffold_1985;7338;A
scaffold_1986;7335;B3
scaffold_1987;7332;A
scaffold_1988;7329;A
scaffold_1989;7324;A
scaffold_1990;7323;A
scaffold_1991;7321;A
scaffold_1992;7318;A
scaffold_1993;7298;A
scaffold_1994;7290;A
scaffold_1995;7288;A
scaffold_1996;7287;A
scaffold_1997;7282;A
scaffold_1998;7276;A
scaffold_1999;7247;A
scaffold_2000;7210;A
scaffold_2001;7209;B3
scaffold_2002;7194;A
scaffold_2003;7190;A
scaffold_2004;7187;A
scaffold_2005;7162;A
scaffold_2006;7159;B3
scaffold_2007;7157;A
scaffold_2008;7151;A
scaffold_2009;7137;A
scaffold_2010;7131;A
scaffold_2011;7129;A
scaffold_2012;7128;A
scaffold_2013;7118;A
scaffold_2014;7115;A
scaffold_2015;7104;B3
scaffold_2016;7102;A
scaffold_2017;7085;A
scaffold_2018;7044;A
scaffold_2019;7043;B3
scaffold_2020;7037;A
scaffold_2021;7027;A
scaffold_2022;7010;A
scaffold_2023;6996;A
scaffold_2024;6983;A
scaffold_2025;6982;A
scaffold_2026;6979;A
scaffold_2027;6961;A
scaffold_2028;6960;A
scaffold_2029;6956;A
scaffold_2030;6954;A
scaffold_2031;6944;A
scaffold_2032;6934;B3
scaffold_2033;6932;A
scaffold_2034;6928;A
scaffold_2035;6924;A
scaffold_2036;6923;A
scaffold_2037;6911;A
scaffold_2038;6908;A
scaffold_2039;6905;A
scaffold_2040;6888;B1
scaffold_2041;6888;A
scaffold_2042;6882;A
scaffold_2043;6881;A
scaffold_2044;6877;A
scaffold_2045;6845;A
scaffold_2046;6842;A
scaffold_2047;6826;A
scaffold_2048;6822;A
scaffold_2049;6812;B1
scaffold_2050;6811;A
scaffold_2051;6793;A
scaffold_2052;6793;A
scaffold_2053;6790;A
scaffold_2054;6783;A
scaffold_2055;6772;A
scaffold_2056;6767;A
scaffold_2057;6766;A
scaffold_2058;6754;A
scaffold_2059;6748;A
scaffold_2060;6735;A
scaffold_2061;6721;A
scaffold_2062;6708;A
scaffold_2063;6688;A
scaffold_2064;6686;A
scaffold_2065;6653;A
scaffold_2066;6652;B3
scaffold_2067;6652;B3
scaffold_2068;6651;A
scaffold_2069;6639;A
scaffold_2070;6638;A
scaffold_2071;6616;B1
scaffold_2072;6614;A
scaffold_2073;6604;A
scaffold_2074;6601;A
scaffold_2075;6597;A
scaffold_2076;6585;A
scaffold_2077;6557;A
scaffold_2078;6556;B3
scaffold_2079;6556;A
scaffold_2080;6534;A
scaffold_2081;6515;A
scaffold_2082;6503;A
scaffold_2083;6491;B1
scaffold_2084;6485;A
scaffold_2085;6474;A
scaffold_2086;6467;A
scaffold_2087;6442;A
scaffold_2088;6427;A
scaffold_2089;6411;A
scaffold_2090;6411;A
scaffold_2091;6411;A
scaffold_2092;6409;B3
scaffold_2093;6407;B1
scaffold_2094;6389;A
scaffold_2095;6368;A
scaffold_2096;6357;A
scaffold_2097;6343;A
scaffold_2098;6333;A
scaffold_2099;6332;A
scaffold_2100;6323;B1
scaffold_2101;6318;A
scaffold_2102;6316;A
scaffold_2103;6316;A
scaffold_2104;6300;A
scaffold_2105;6294;A
scaffold_2106;6288;B3
scaffold_2107;6275;A
scaffold_2108;6257;A
scaffold_2109;6241;A
scaffold_2110;6230;A
scaffold_2111;6217;A
scaffold_2112;6217;A
scaffold_2113;6207;A
scaffold_2114;6187;A
scaffold_2115;6184;A
scaffold_2116;6183;A
scaffold_2117;6179;A
scaffold_2118;6164;A
scaffold_2119;6137;A
scaffold_2120;6133;A
scaffold_2121;6129;A
scaffold_2122;6119;A
scaffold_2123;6097;A
scaffold_2124;6083;A
scaffold_2125;6082;A
scaffold_2126;6063;A
scaffold_2127;6060;A
scaffold_2128;6054;B1
scaffold_2129;6054;A
scaffold_2130;6041;A
scaffold_2131;6035;A
scaffold_2132;6022;A
scaffold_2133;6007;A
scaffold_2134;6007;A
scaffold_2135;6007;A
scaffold_2136;6000;A
scaffold_2137;5995;A
scaffold_2138;5992;A
scaffold_2139;5985;A
scaffold_2140;5981;A
scaffold_2141;5974;B3
scaffold_2142;5974;A
scaffold_2143;5964;A
scaffold_2144;5959;A
scaffold_2145;5956;A
scaffold_2146;5953;A
scaffold_2147;5950;A
scaffold_2148;5934;A
scaffold_2149;5933;A
scaffold_2150;5931;A
scaffold_2151;5930;A
scaffold_2152;5929;A
scaffold_2153;5918;A
scaffold_2154;5904;A
scaffold_2155;5904;A
scaffold_2156;5899;A
scaffold_2157;5899;A
scaffold_2158;5895;A
scaffold_2159;5894;A
scaffold_2160;5884;A
scaffold_2161;5872;A
scaffold_2162;5851;A
scaffold_2163;5848;A
scaffold_2164;5833;A
scaffold_2165;5828;B3
scaffold_2166;5815;A
scaffold_2167;5813;A
scaffold_2168;5805;A
scaffold_2169;5785;A
scaffold_2170;5780;A
scaffold_2171;5774;A
scaffold_2172;5773;B1
scaffold_2173;5761;A
scaffold_2174;5755;B1
scaffold_2175;5747;A
scaffold_2176;5744;A
scaffold_2177;5737;A
scaffold_2178;5725;A
scaffold_2179;5698;A
scaffold_2180;5677;A
scaffold_2181;5675;A
scaffold_2182;5673;A
scaffold_2183;5672;A
scaffold_2184;5671;A
scaffold_2185;5664;A
scaffold_2186;5657;A
scaffold_2187;5656;A
scaffold_2188;5655;A
scaffold_2189;5649;A
scaffold_2190;5638;A
scaffold_2191;5637;A
scaffold_2192;5632;A
scaffold_2193;5628;B3
scaffold_2194;5612;A
scaffold_2195;5610;A
scaffold_2196;5592;A
scaffold_2197;5589;A
scaffold_2198;5580;A
scaffold_2199;5580;B3
scaffold_2200;5579;A
scaffold_2201;5567;A
scaffold_2202;5560;A
scaffold_2203;5559;A
scaffold_2204;5551;A
scaffold_2205;5548;A
scaffold_2206;5545;B1
scaffold_2207;5543;A
scaffold_2208;5529;A
scaffold_2209;5509;A
scaffold_2210;5495;A
scaffold_2211;5494;A
scaffold_2212;5478;A
scaffold_2213;5471;A
scaffold_2214;5456;A
scaffold_2215;5448;A
scaffold_2216;5442;A
scaffold_2217;5442;A
scaffold_2218;5435;A
scaffold_2219;5432;B3
scaffold_2220;5424;A
scaffold_2221;5407;A
scaffold_2222;5403;A
scaffold_2223;5400;A
scaffold_2224;5400;A
scaffold_2225;5389;A
scaffold_2226;5387;A
scaffold_2227;5360;A
scaffold_2228;5350;A
scaffold_2229;5349;B3
scaffold_2230;5341;A
scaffold_2231;5330;A
scaffold_2232;5299;A
scaffold_2233;5296;B1
scaffold_2234;5236;A
scaffold_2235;5230;A
scaffold_2236;5228;A
scaffold_2237;5228;A
scaffold_2238;5224;A
scaffold_2239;5217;A
scaffold_2240;5214;B3
scaffold_2241;5213;A
scaffold_2242;5213;A
scaffold_2243;5209;A
scaffold_2244;5202;A
scaffold_2245;5199;B3
scaffold_2246;5187;A
scaffold_2247;5186;A
scaffold_2248;5181;A
scaffold_2249;5181;A
scaffold_2250;5173;A
scaffold_2251;5158;B3
scaffold_2252;5158;A
scaffold_2253;5141;A
scaffold_2254;5139;A
scaffold_2255;5137;A
scaffold_2256;5129;A
scaffold_2257;5114;A
scaffold_2258;5109;A
scaffold_2259;5105;A
scaffold_2260;5099;A
scaffold_2261;5094;B1
scaffold_2262;5085;A
scaffold_2263;5084;A
scaffold_2264;5069;A
scaffold_2265;5065;A
scaffold_2266;5063;A
scaffold_2267;5061;A
scaffold_2268;5059;A
scaffold_2269;5056;A
scaffold_2270;5043;A
scaffold_2271;5041;A
scaffold_2272;5031;A
scaffold_2273;5017;A
scaffold_2274;5017;A
scaffold_2275;5016;A
scaffold_2276;5013;A
scaffold_2277;5006;B1
scaffold_2278;5002;A
scaffold_2279;5002;A
scaffold_2280;4993;A
scaffold_2281;4992;A
scaffold_2282;4981;A
scaffold_2283;4963;A
scaffold_2284;4963;A
scaffold_2285;4951;A
scaffold_2286;4938;A
scaffold_2287;4933;A
scaffold_2288;4922;A
scaffold_2289;4914;A
scaffold_2290;4910;A
scaffold_2291;4905;A
scaffold_2292;4902;A
scaffold_2293;4891;B3
scaffold_2294;4886;A
scaffold_2295;4885;A
scaffold_2296;4877;A
scaffold_2297;4870;B1
scaffold_2298;4867;B1
scaffold_2299;4862;A
scaffold_2300;4852;A
scaffold_2301;4840;B1
scaffold_2302;4829;A
scaffold_2303;4818;A
scaffold_2304;4799;A
scaffold_2305;4788;A
scaffold_2306;4773;A
scaffold_2307;4772;B2
scaffold_2308;4752;A
scaffold_2309;4745;A
scaffold_2310;4745;A
scaffold_2311;4734;A
scaffold_2312;4696;A
scaffold_2313;4694;A
scaffold_2314;4693;A
scaffold_2315;4690;A
scaffold_2316;4688;A
scaffold_2317;4678;B1
scaffold_2318;4630;A
scaffold_2319;4616;A
scaffold_2320;4610;A
scaffold_2321;4564;A
scaffold_2322;4521;A
scaffold_2323;4511;A
scaffold_2324;4471;A
scaffold_2325;4463;B1
scaffold_2326;4386;B1
scaffold_2327;4385;B1
scaffold_2328;4367;A
scaffold_2329;4331;B1
scaffold_2330;4327;A
scaffold_2331;4313;A
scaffold_2332;4312;B3
scaffold_2333;4288;A
scaffold_2334;4245;B1
scaffold_2335;4233;A
scaffold_2336;4233;B1
scaffold_2337;4224;A
scaffold_2338;4158;A
scaffold_2339;4145;A
scaffold_2340;4133;A
scaffold_2341;4129;A
scaffold_2342;4080;B1
scaffold_2343;4079;A
scaffold_2344;4018;A
scaffold_2345;3968;A
scaffold_2346;3944;A
scaffold_2347;3905;A
scaffold_2348;3890;B1
scaffold_2349;3849;A
scaffold_2350;3817;A
scaffold_2351;3812;A
scaffold_2352;3808;A
scaffold_2353;3751;A
scaffold_2354;3686;B1
scaffold_2355;3658;B3
scaffold_2356;3654;A
scaffold_2357;3638;A
scaffold_2358;3631;A
scaffold_2359;3616;A
scaffold_2360;3608;A
scaffold_2361;3604;B1
scaffold_2362;3578;A
scaffold_2363;3507;B1
scaffold_2364;3423;B1
scaffold_2365;3342;A
scaffold_2366;3319;B1
scaffold_2367;3247;A
scaffold_2368;3177;A
scaffold_2369;3165;A
scaffold_2370;3159;B1
scaffold_2371;3106;A
scaffold_2372;3078;A
scaffold_2373;3071;A
scaffold_2374;3054;A
scaffold_2375;2716;A
scaffold_2376;2661;A
scaffold_2377;2660;A
scaffold_2378;2644;A
scaffold_2379;2612;A
scaffold_2380;2502;A
scaffold_2381;2500;A
scaffold_2382;2478;B3
scaffold_2383;2352;B1
scaffold_2384;2175;A
scaffold_2385;2099;A
scaffold_2386;2000;B3
scaffold_2387;1983;B1
scaffold_2388;1936;A
scaffold_2389;1743;B2
scaffold_2390;1548;B3
scaffold_2391;1416;A
scaffold_2392;1350;A
